trial,value,lasso_alpha,catboost_iterations,catboost_learning_rate,catboost_depth,catboost_l2_leaf_reg,ensemble_lasso_weight,cv_rmse_log_mean,cv_rmse_log_std,oof_rmse_log,oof_mae_price,oof_rmse_price,oof_mape_percent,oof_wape_percent
0,0.11575109608739291,0.003723304733290532,1000,0.019973348739872502,3,3.0927379654571507,0.1591430709717372,0.11575109608739291,0.007974427045596979,0.11602931032768929,14014.347757419262,22582.371744572807,8.056138905871272,7.7456041883749345
1,0.10959064597962169,0.0001269904888111739,800,0.0794782520171968,7,3.239535079556905,0.43928700950792854,0.10959064597962169,0.0076382717650471535,0.10986151002194913,13029.103834834526,20676.588269328266,7.598612997589502,7.201068717624737
2,0.11550488625063364,9.281460931724923e-05,1200,0.018007169559001,7,0.6581538719844783,0.8496874980451636,0.11550488625063364,0.007477257946096847,0.11575121731800277,13591.811008098646,20785.915356115904,8.048518501349843,7.51207192044991
3,0.11156851489864983,0.0006394912848697321,400,0.04267570002339106,4,1.2304328093390928,0.2620755291868344,0.11156851489864983,0.006797945231231133,0.11177988516565039,13418.059826971286,21592.01522175026,7.724299552988379,7.416041202533502
4,0.11926262706268202,1.960068894154057e-05,600,0.0101434743378166,3,0.775924253171415,0.35884531278322573,0.11926262706268202,0.008513513193660243,0.1195721666584402,14402.05319685052,23603.43845593307,8.360237056710394,7.959885504030504
5,0.11369578658279111,0.0005609090618750891,1000,0.06383147963370392,7,2.8414760208787846,0.015925544961924,0.11369578658279111,0.007815451604352585,0.11396643292620963,13861.64028194255,23042.783367732012,7.903969449162451,7.661204137646751
6,0.10974853955884552,0.00029309935680209016,600,0.019660279730459813,7,5.163272044927705,0.517154510157527,0.10974853955884552,0.007367583315167789,0.10999949130375017,13021.526711011904,20568.44061793627,7.613716744540594,7.19688090931341
7,0.11254708915684582,0.00013174219211571587,400,0.016126074478650474,6,2.601650566611162,0.5048000002319724,0.11254708915684582,0.007304388623994369,0.11278885262468545,13393.657793800649,21416.53147138416,7.829044999007354,7.402554417875167
8,0.11159708275888611,0.0001316705403611401,1200,0.011431141819292173,5,1.222445364674096,0.21453444085154172,0.11159708275888611,0.00716448329246409,0.11183038359620984,13372.270015137856,21876.951575460007,7.71905942645484,7.390733584622125
9,0.1119906498066682,0.000936247577294442,900,0.013267747233471733,4,2.013116652583988,0.8734222484354829,0.1119906498066682,0.007153739607688979,0.11222333434778643,13379.103626130383,20328.16244166632,7.923405795448334,7.394510460067323
10,0.11968598365923722,1.038049376850602e-05,700,0.03414341532654162,5,8.756803011764278,0.675092685454309,0.11968598365923722,0.010147594229175213,0.12011942557924635,13831.93278392239,21633.619983841025,8.19657591900673,7.644785070197159
11,0.11202134814801339,4.991607327397618e-05,700,0.07970170624572193,7,6.433278758484463,0.5164939906753497,0.11202134814801339,0.008564374314776453,0.11235363144859206,13194.076566052805,20733.68984331797,7.744387064366137,7.292247665087023
12,0.10957157323414517,0.00027026217670964324,600,0.030432357017097164,6,4.928062472466518,0.5461085537231889,0.10957157323414517,0.006560385254738721,0.10977117059392445,12965.694136092716,20394.942405155354,7.581258562067599,7.166022746405837
13,0.11373115717085955,0.0021244449153577363,800,0.030806378960411048,6,4.373921147365382,0.6832061534682587,0.11373115717085955,0.009182948013644198,0.11410613242902039,13590.552996534063,20738.169861316426,7.999065047813035,7.511376628752263
14,0.10985953211295788,0.0002688948785302213,600,0.05096512325892231,6,9.573637046200984,0.38522267617549427,0.10985953211295788,0.006755949480626263,0.11006843598840693,13062.409946458214,20679.85457037038,7.610941360169987,7.219476706505584
15,0.11575506168042608,3.1799060597822656e-05,800,0.026677283470255966,6,4.2134125008823675,0.6248460785854938,0.11575506168042608,0.00870875369198751,0.11608649110551064,13512.499345676211,21199.06972536823,7.966958625319537,7.468237076668403
16,0.1128062697581282,0.00026061919035933525,500,0.04662610613082697,5,1.766955601985233,0.9681814157552902,0.1128062697581282,0.006126498618834998,0.11297592714308373,13424.257971288549,20417.661337423357,7.93778223305236,7.419466861252334
17,0.11141965413034738,6.251710953944738e-05,800,0.059997778707349986,6,6.4674532798208375,0.3378971134408188,0.11141965413034738,0.008180369389481596,0.11172184693351396,13152.39888590539,21273.69729868894,7.647562929834311,7.269212785440864
18,0.11071935338959034,0.0010160792296999507,1000,0.026239188732249976,7,3.68670845401093,0.7660914768014466,0.11071935338959034,0.007661303013770381,0.11098841805885976,13162.779234688578,20100.98027183304,7.776285670002784,7.274949911021274
19,0.11028634037372827,0.00018263163447777083,500,0.07217362490082967,5,2.0132260095721954,0.43034631258879963,0.11028634037372827,0.006881972336824872,0.11050247083541334,13014.429363700405,20463.104939287772,7.61320388018946,7.192958269172473
20,0.1127121614639861,6.409289129499303e-05,700,0.037897078393000584,6,6.276137060407514,0.5735066296852682,0.1127121614639861,0.0074747957029544735,0.11296345072413623,13246.499038678394,20732.22572061145,7.794423319973812,7.321221095071929
21,0.10893189714780538,0.0003679146994963935,600,0.024373593596290575,7,4.9567017331499,0.4716520252689437,0.10893189714780538,0.007415439152628661,0.1091882592244724,12977.772760068248,20573.75822895169,7.570961716724546,7.172698493438386
22,0.10998611417667523,0.00036852520711976814,500,0.023497543338938942,7,5.293730008808092,0.46770624720315324,0.10998611417667523,0.007682322459073853,0.11025826008957108,13109.417584755525,20769.560744258255,7.648430070706564,7.245457406170221
23,0.10904062959306607,0.0004933467709897344,900,0.014980831791779408,7,3.5336009096687597,0.5950527956783488,0.10904062959306607,0.00711430581566943,0.109277121990611,12991.77245238912,20246.39828355103,7.60669628245792,7.1804359976985515
24,0.11340628358746645,0.0016478029338238324,1100,0.013532883946481606,6,7.876119498065166,0.6018449599825937,0.11340628358746645,0.008750366696562581,0.11374774560313328,13539.18199154706,20829.242658102503,7.951020659183956,7.482984335491401
25,0.10928121507449054,0.0005052809137695123,900,0.023504479202246006,7,4.683139943899504,0.7426920809293066,0.10928121507449054,0.006934825412056843,0.10950542855239961,13011.392088080078,19900.527722255432,7.663886345724978,7.1912795942049845
26,0.10927048963676038,0.0005709899953330764,900,0.022485162127323814,7,2.3480767434545506,0.7591939053887404,0.10927048963676038,0.006886757311537873,0.10949162727897986,12978.713911667004,19838.56819202699,7.66471837954215,7.1732186594776035
27,0.1110977043453748,0.0010177463006718712,900,0.01531669655009026,7,2.4348685081296035,0.7644024375148635,0.1110977043453748,0.007542842377411258,0.11135801836059639,13207.76624312147,20185.92752947657,7.802144653005019,7.299813826700532
28,0.11043785101834476,0.0004476912442677317,1100,0.021512568703879575,7,1.4624209878624848,0.893806757052676,0.11043785101834476,0.006597964396935566,0.11063903117469259,13187.917065405443,20035.752252118673,7.790952236334473,7.288843364377613
29,0.11572025285503973,0.0035577825509349368,1100,0.01814448259732014,7,3.297083783092105,0.6741319033538844,0.11572025285503973,0.009537910013829209,0.11611755149495638,13952.609505108492,21279.80843678411,8.176005804845051,7.711482010592661
30,0.11219593717901374,0.0007854245256515163,900,0.015956478372451118,7,2.302756539286326,0.990395775771403,0.11219593717901374,0.006910678108312645,0.11241269020927176,13536.025984539616,20484.99779352087,7.9856183096704765,7.481240038752193
31,0.11307171512158065,0.00148361663444941,900,0.024542148786830267,7,3.687335472739997,0.7780588160733984,0.11307171512158065,0.008921992480416476,0.11342791915587612,13421.129435866504,20439.823418183114,7.949772998328155,7.417737747811742
32,0.1090739883213913,0.00045957887486399807,1000,0.02150774892320771,7,3.212673941349933,0.7236067101595591,0.1090739883213913,0.0068414831196814355,0.1092925911187485,12942.52364009468,19888.584215130795,7.622774081236409,7.1532166212863775
33,0.10883547177394988,0.000370299840579571,1000,0.020500209651075962,7,2.929037541623625,0.6454631511182838,0.10883547177394988,0.0067442131347476,0.10904823209896157,12859.853497870216,20003.05190294997,7.558437200023668,7.107525575869842
34,0.10941561518743273,0.00017877891048144638,1100,0.019555928648730257,7,3.028581318146424,0.6083824233599724,0.10941561518743273,0.0068308042919046725,0.10963256721666091,12881.720901390867,20210.917498960684,7.5797071791184445,7.119611493475874
35,0.11012328777400641,0.00019259489144878838,1000,0.0140487572802236,7,3.670462498975775,0.692368757823168,0.11012328777400641,0.006499524218644145,0.11031918275971295,12988.724221042203,20160.670246499274,7.6550306604388485,7.178751267599336
36,0.11047581772385814,0.00034779677815919554,1000,0.018116783296643867,6,3.1240135562770766,0.8381135310959451,0.11047581772385814,0.006230846844909299,0.11065505152298345,13105.02452136707,20005.09074216592,7.73909823556896,7.243029399475195
37,0.11212201164334376,0.0006962268794534848,1200,0.028394756458863583,7,0.9757786559710198,0.08912422690953947,0.11212201164334376,0.007893237233268164,0.11240208654083333,13452.88254374209,22381.81725568911,7.7339619474251515,7.435287405463477
38,0.1123635166816885,9.769635060607203e-05,1000,0.02044460784325527,3,0.5893528728772216,0.3040204041557675,0.1123635166816885,0.006705346270158003,0.11256740958813581,13375.595911897048,21562.174508985845,7.732532592577705,7.392571777901899
39,0.1122475094513494,0.0013106949742263403,1100,0.01128784179537838,7,5.70925656285846,0.4543953978775348,0.1122475094513494,0.008339633038672594,0.11256127576219711,13509.877416893032,21247.690985292338,7.8517234831807405,7.46678796016893
40,0.11031346809881178,0.0004027010948253077,800,0.012324815351403265,6,2.8175710949896677,0.8162324832762724,0.11031346809881178,0.006474935293965178,0.11050765328907199,13135.31238510059,20005.19396621336,7.7534565793467545,7.2597692298441885
41,0.10915898801479226,0.0005883924787156615,900,0.021327164807484995,7,2.1526588586334143,0.718597822096603,0.10915898801479226,0.006980905738979394,0.10938653208254617,12965.365286322532,19869.72335904109,7.644687822710199,7.165840994090184
42,0.10915413994672545,0.0006949833008124246,1000,0.016716998892069443,7,1.5911403802680428,0.6311849327924353,0.10915413994672545,0.007248852687841286,0.10939877665839684,12947.410154994484,20058.376026051395,7.6141390847478885,7.155917354201648
43,0.11332245798576601,0.0021527068223937402,1000,0.016345543482231363,7,1.6477489580165607,0.6212588104815892,0.11332245798576601,0.009212470472963292,0.11370111260667407,13547.717145583256,20837.937538742637,7.955050029877389,7.487701638500825
44,0.10938937139117451,0.0008572545926795168,1100,0.017621652608080293,7,0.9030255896160917,0.5543806768175756,0.10938937139117451,0.007491478989848952,0.10965020765021177,12969.103697856674,20318.533256232284,7.598563084368439,7.167907180582622
45,0.10951645572910687,0.0002169312485998018,1200,0.014393806638401549,7,7.46331505687107,0.49978183014126476,0.10951645572910687,0.007375200579889672,0.10976849940537743,12971.678867353208,20530.853203671842,7.585633759265985,7.169330453644158
46,0.11055552363176338,0.000330722307238086,400,0.018722048455423572,7,4.122260305136271,0.6365407613706026,0.11055552363176338,0.00699700872924004,0.11078163897137502,13101.344262928602,20500.352164791053,7.697643974634342,7.240995353676652
47,0.10860653845478394,0.000453571729261909,1000,0.03241077829611259,6,1.1671774483612325,0.5667278361360157,0.10860653845478394,0.006884300683208263,0.10882881337227958,12828.873322470403,20122.94753131294,7.5119317935799454,7.090403111058283
48,0.11125548302206381,0.00012435133589519564,1000,0.0369676632637992,4,1.1461432636726954,0.39309872335161444,0.11125548302206381,0.005829571460190386,0.11141047664814033,13090.231193181562,20800.256781687294,7.624569527117566,7.234853259797698
49,0.10853154934489626,0.000507964761834119,800,0.03251977355907589,6,2.637657233029987,0.5677858121328881,0.10853154934489626,0.006801525933236996,0.10874793475971355,12848.826580434767,20090.701276929576,7.52770295024462,7.101431097600052
50,0.10936387357137203,0.0002428256082288451,700,0.03228538073787605,5,2.634779335285605,0.4924694752046178,0.10936387357137203,0.006502769284319467,0.1095602106877226,12974.610123701286,20410.724680232855,7.576375877164905,7.170950532711687
51,0.10882816848481199,0.000465126904554105,800,0.04021524335819911,6,3.443635042605252,0.5570361776865039,0.10882816848481199,0.006626535838108932,0.10903314099345862,12902.035676041585,20176.86767892267,7.548839083516104,7.13083928704459
52,0.10866549231972386,0.0003307020177579633,800,0.04190456566692286,6,3.6574771479520516,0.5555695609759943,0.10866549231972386,0.006633126903041482,0.10887087792786755,12831.013609966853,20176.94959272147,7.512814119928297,7.091586028742629
53,0.11007427881615069,0.0001511679978712165,800,0.04366229780674952,6,0.6927702615718185,0.5334598692865367,0.11007427881615069,0.006839990095946252,0.11028962916658475,12948.780905140859,20516.145797830137,7.586470299806407,7.156674955501311
54,0.10952677440351184,0.00030844665873003046,700,0.03799478845414721,6,4.258074629312011,0.41811822750077254,0.10952677440351184,0.006968473639451227,0.10975128280147012,12973.814180808247,20724.5434545047,7.553964456556611,7.170510622220472
55,0.10903888209135519,0.0003898337484055315,600,0.05042720170552659,5,1.8728978415741235,0.5735401052840238,0.10903888209135519,0.006896821650374233,0.10925948695460465,12900.985674584892,20144.473991706225,7.563176062706332,7.130258960666115
56,0.10910093919148708,0.0002439183239781055,800,0.03477048269833998,6,5.472810334589289,0.48111901608283547,0.10910093919148708,0.006900694695823178,0.1093224334062344,12855.605629893891,20288.73957651537,7.519433127295806,7.105177817375577
57,0.11057551168568298,0.0011583803729336708,700,0.042013181849270664,6,2.6082232484623673,0.660191758523643,0.11057551168568298,0.007828404602139587,0.1108563840203284,13066.683586913707,20141.17663154066,7.705119009296681,7.221838709217708
58,0.10976523070429875,0.0006698163744740515,600,0.02856588001269308,5,4.9394161498696,0.5412652915999547,0.10976523070429875,0.006896782153834257,0.10998544224043669,13110.297891160648,20381.048529648837,7.662083288524521,7.24594394361717
59,0.11002560898910585,0.00030037838909007506,800,0.057563021043368724,6,3.8343508026250492,0.31554489454056445,0.11002560898910585,0.00785497214485184,0.11030901067469513,13086.151127121857,21032.931787935726,7.5877762162749605,7.232598243916266
60,0.1097412776772684,0.00047533550614635135,700,0.04161680861094992,6,1.3557295143351713,0.3831667136713103,0.1097412776772684,0.007086570155678402,0.10997173405732452,13051.6904844585,20874.798714991663,7.582205182101616,7.213552156094871
61,0.1088794795406487,0.000393344066005798,600,0.05153441287872421,5,1.861240803782752,0.574590656396093,0.1088794795406487,0.006380917427605119,0.10906956645832369,12906.411010802223,20043.401683912267,7.564448142384671,7.133257495286182
62,0.10852370511781217,0.0005648934184830991,500,0.049955405269396,5,2.848275795731174,0.5675756622122703,0.10852370511781217,0.007032701955167566,0.10875517744112059,12884.50228408211,19924.741732730134,7.559896041338655,7.121148738718798
63,0.10912082437947764,0.0006050705957668459,500,0.05299491132261411,5,2.065912875832959,0.5687886384059662,0.10912082437947764,0.007065672216392764,0.10935376160482432,12915.257447831194,20093.399267173343,7.5854356105794,7.138146841611097
64,0.11039504954349048,0.0008143686053526622,400,0.04637047225853222,4,2.8735896997995503,0.528527563244125,0.11039504954349048,0.006627936972435142,0.11059787780453122,13174.90424059021,20525.83629799404,7.687648767759797,7.281651292927973
65,0.11734986624260395,1.3423800940853274e-05,500,0.05381947912203184,5,1.816870384312138,0.5976125804175804,0.11734986624260395,0.00972626063315734,0.1177555679336155,13607.9308592079,21406.954540193474,8.039073623664901,7.520981217438186
66,0.10895864929634425,0.0005678781681143052,500,0.06282145911148074,5,1.1290044921566638,0.647790232211543,0.10895864929634425,0.006255243062421086,0.10914155870799344,12876.327956548168,19955.239885402993,7.5743579315598994,7.116630861277764
67,0.10909480548964971,0.00044289376026518916,600,0.04735160400467749,5,3.351732401612198,0.7026297834144694,0.10909480548964971,0.00638158125807518,0.10928508039517833,12954.625083322526,19913.371736862293,7.619644673658772,7.159904980314814
68,0.10942204038587086,0.00027126214289476024,800,0.03951898149941532,6,2.2697803882375096,0.5736794182748387,0.10942204038587086,0.006477903968167741,0.10961623796602535,12884.36240248518,20206.300464036376,7.558712300971289,7.121071427415996
69,0.10945392996354572,0.00036778258366632625,400,0.0344681236316978,6,2.936174020069975,0.662048338143487,0.10945392996354572,0.006258099770595354,0.1096366983562568,12972.193898564288,20109.20858736204,7.622420564611063,7.169615106770706
70,0.11112220894789396,0.0010516509671675397,900,0.07170755056381944,3,2.566897075706857,0.5053548475732964,0.11112220894789396,0.006859219027196687,0.11133766078410211,13249.618137134266,20585.775153291102,7.72571855933638,7.32294499278604
71,0.11128634398604946,0.0005150877523051182,600,0.02579918443690282,4,4.567464325889405,0.42026121349075507,0.11128634398604946,0.006640075375362375,0.11148846519666705,13341.029236026228,20998.09564825908,7.751482857895181,7.373467086478677
72,0.10960146204712432,0.00031969449268761063,600,0.031234842848929106,5,3.813867933303497,0.4685940381834364,0.10960146204712432,0.006835107245059515,0.10981859880092915,13004.084571754824,20431.71675029954,7.600076801288233,7.187240795536988
73,0.10957950641694039,0.00021436060271488817,700,0.0443827764675365,6,3.3507884996881336,0.5891586816944372,0.10957950641694039,0.0065049022488377324,0.10977546501695472,12855.258612998367,20117.805974641236,7.556663176274513,7.104986024252848
74,0.10916503698364102,0.000420739349189869,500,0.03995847279441196,5,0.5105637736600175,0.520316033802349,0.10916503698364102,0.006055750929898818,0.10933630359262102,12981.892396606143,20296.484745146434,7.58761796135809,7.174975379567859
75,0.11004511430010995,0.00016432180962679113,700,0.0287372947723001,6,5.912854292877791,0.4442863065380894,0.11004511430010995,0.006847436370903284,0.11026142697570303,12968.292187330315,20645.72405316847,7.577344226819482,7.167458666000233
76,0.10953317993971867,0.0007138782027762237,900,0.0491057248197108,4,4.135114752831451,0.5554332321900696,0.10953317993971867,0.006608091138789528,0.10973545521683367,13018.654996569056,20188.11020158435,7.615808528103204,7.1952937385223485
77,0.10926506837876562,0.00035953805205058374,600,0.03257016353511108,6,2.82380585357507,0.599816620891532,0.10926506837876562,0.006473761733381831,0.10946019603986641,12905.371734649076,20150.236887877956,7.575080246955365,7.132683096686689
78,0.10870130586469577,0.000544601696175577,800,0.035820402733962003,6,2.4585096952495125,0.6256732318936822,0.10870130586469577,0.006728057690082034,0.10891293163934862,12877.949234966629,19965.074781343388,7.563455730237401,7.117526927304232
79,0.10968907499339922,0.0009078362920234269,800,0.03605717657804276,6,2.475728526157032,0.6216481555723227,0.10968907499339922,0.0073652375770377095,0.10993987637390569,12965.436984604723,20162.811874753872,7.618419014156348,7.165880621087062
80,0.10881831684674921,0.0005200306758409194,800,0.05576337710862636,6,2.191629653008006,0.6854215777040438,0.10881831684674921,0.006664401145073666,0.10902569768381756,12899.538432081965,19923.66526253536,7.579511962524735,7.129459082727712
81,0.10880922802341238,0.0005196300354986459,800,0.0549800052019345,6,2.212594119215777,0.7052599203088171,0.10880922802341238,0.0065430124486371925,0.10900883115895045,12921.902389967127,19842.34119362596,7.598437536501357,7.141819441473072
82,0.1095794910363517,0.0005220075913561329,800,0.05511099845420305,6,2.192289536647374,0.7934237737888185,0.1095794910363517,0.006736516193818158,0.10979026713849062,13030.943467959785,19877.646113645675,7.683324880041259,7.202085466337321
83,0.10919785031592082,0.0007217270879416011,800,0.06725879445258502,6,3.056884970339294,0.7337874913024598,0.10919785031592082,0.0071237545839583595,0.10943392883011932,12983.67185887979,19895.831522094606,7.646863911696425,7.175958872390957
84,0.10886568423272994,0.0006040238949985476,900,0.04574834494595148,6,3.463190118019531,0.6991202161187762,0.10886568423272994,0.006816433066069535,0.10908243911400635,12895.043177201429,19816.307813091367,7.589407833699095,7.126974595712462
85,0.10880420323184783,0.00048728265878938027,800,0.06119566549276369,6,2.4042150696499167,0.6673097894945944,0.10880420323184783,0.006481846026502266,0.10900061344065075,12881.106830099623,19895.01961355782,7.571367286152735,7.1192721017861755
86,0.10924065555122246,0.00048600355429070675,800,0.05799667744566135,6,2.011800892418327,0.7011018644690157,0.10924065555122246,0.006821995873869445,0.1094571237959496,12929.130812854452,19916.276735924963,7.614936799807282,7.145814525908007
87,0.10947834228102324,0.0008330510027780194,800,0.06275238877395047,6,1.6008528270796576,0.6858151021413078,0.10947834228102324,0.00716490934586589,0.10971607496200159,12965.352704616287,19977.435030842455,7.639532399252634,7.165834040294096
88,0.10908492867930145,0.00061989834859513,700,0.06620416687879409,6,2.3818948854678443,0.6679554538464217,0.10908492867930145,0.00697542947660799,0.10931140428599516,12889.572513961068,19921.81258283971,7.585103724579648,7.1239510092537
89,0.11293050890929657,0.0012092209744338444,800,0.0728308244411649,6,2.6912108414759786,0.9060942396089031,0.11293050890929657,0.007943114154070218,0.11321381563849264,13491.533293264209,20532.87601100402,7.987355541266615,7.456649327728027
90,0.11220195846047412,0.0017106964149694673,900,0.04034626057032854,6,2.030291657932093,0.623741185840383,0.11220195846047412,0.008781179787014412,0.11254881612352181,13248.918744472901,20477.42731720565,7.801655675522183,7.322558444741069
91,0.10860347925931894,0.00042073322142358976,800,0.05991136968366587,6,3.1388535853501285,0.6427603042341634,0.10860347925931894,0.0063261055157734156,0.10879089820821518,12856.762581116582,19937.085101361772,7.5425662839422705,7.105817253929553
92,0.10858911904167426,0.00044911617789853125,800,0.05941587539112445,6,3.1956126852176086,0.6527372590444417,0.10858911904167426,0.0066410753775427295,0.10879567121833424,12868.692842338152,19937.176155410856,7.550753616966997,7.112411002199948
93,0.10948532880842321,0.00028979261491589113,800,0.05981283390147204,6,3.1904423375194955,0.640932316161441,0.10948532880842321,0.006195054567231027,0.10966388090069866,12876.481440533924,19972.113458672167,7.576458699050044,7.116715690498751
94,0.10881212645580192,0.0005516860191418318,800,0.04859813393250236,6,2.7126044875402893,0.6790903646645414,0.10881212645580192,0.006870763315876877,0.10903243132191323,12863.936518890745,19881.661922716445,7.566282842963254,7.109782224931593
95,0.1094171476483384,0.0007724082738893323,700,0.04989881799422884,6,2.7176632209444644,0.7373890451111289,0.1094171476483384,0.007062244953730279,0.1096489927015295,13011.202019360371,19956.838000809217,7.661597659937974,7.19117454492999
96,0.11047217397296352,0.0004361963926501441,900,0.06831744151505857,6,2.491167085614797,0.18286637380817294,0.11047217397296352,0.008220358580377141,0.1107796280712661,13158.640120468814,21902.70268952036,7.5671595707279025,7.272662259751896
97,0.1104289362444455,0.00022578967642690212,800,0.07600985178653814,6,2.3393391107029204,0.7521270681320809,0.1104289362444455,0.006587202983449669,0.11062896335568423,13005.892810279516,19979.68330263631,7.6852208623782445,7.188240192735693
98,0.11019510714731488,0.000986276405048706,700,0.0607533843289152,6,3.1629141151379123,0.7159888091241984,0.11019510714731488,0.007507593245479249,0.11045425350626174,13074.105827369505,20124.95413289939,7.701987153725755,7.225940914882694
99,0.10905692984036512,0.0006348865459017518,900,0.0476839677351605,6,3.600056222383799,0.614572833321285,0.10905692984036512,0.00700996832145218,0.10928492887085274,12908.313437727114,20036.55292447374,7.5770254618917505,7.134308949568078
